{"cameraMode":{"drawMode":0,"name":"Shaded","section":"Shading Mode"},"sceneLighting":true,"audioPlay":false,"sceneViewState":{"m_AlwaysRefresh":false,"showFog":true,"showSkybox":true,"showFlares":true,"showImageEffects":true,"showParticleSystems":true,"showVisualEffectGraphs":true,"m_FxEnabled":true},"in2DMode":false,"pivot":{"x":-2.7248592376708986,"y":5.326704502105713,"z":-4.902562618255615},"rotation":{"x":-0.03299277275800705,"y":0.009291082620620728,"z":-0.00030667660757899284,"w":-0.9994130730628967},"size":10.88755989074707,"orthographic":false}